id,datum,locatie,inhoud,bron,getuigen,bijzonderheden
3000001,1625-01-06,,"akte van belening van wege het huis Duivenvoorde van Anna de Rechtere, vrouw van Michiel de Wilhem, oud schepen van 's-Gravenhage, en oudste dochter van Barbara van Dorp, met 3 weer land in het Nieuwelant te 's-Gravensande, haar aanbestorven van haar broer Willem de Rechtere. Met kwitantie wegens betaalde leenrechten, 1 charter en 1 stuk; 1611-04-09: kwitantie van de stadhouder van de lenen van het huis Duivenvoorde, wegens betaalde leenrechten voor 3 weer land in het Nieuweland, door Willem de Rechtere; 1568-03-29: beleend Willem Jansz van Dorp, hem aanbestorven van zijn vader Jan Willemsz van Dorp (met retroacta van 1506, 1508 en 1535)","J.A. Jaeger: A.R.A. Hs 3e afd no 1295a p 238, 237, no 1295b p 237",,
3000002,1625-02-17,,"overdracht van een huizinge binnen Zaltbommel en andere goederen, gedaan door Jan Pieck Ottenz als gevolmachtigde van Johanna Pieck, abdis van St Servaes binnen Utrecht",Kroniek Hist Gen jg 1851 p 146/Arch Mathenesse,,
3000003,1625-03-21,,commissie tot schout der stad Utrecht voor Hendrik Valkenaar; eed gedaan op 23 Maart,Kroniek Hist Gen jg 1851 p 172/Arch Mathenesse,,
3000004,1625-06-07,,"Soetgen Jansdochter van der Nyenburgh en haar man Johan Cramer te Haarlem, verkopen aan de stad Alkmaar 219 roeden land beoosten den Frieschenweg te Alkmaar (gebruikt tot een nieuwe plantagie)",Bruinvis: Aanv Inv Arch Alkmaar p 112 no 63,,
3000005,1625-07-06,,"schout, schepenen en kerkmeesters van Heemstede kopen van Jan Caetman zijn boomgaard en huizinge, voor 1900 gld; daar dit een Hollands leen was, werd op 1625-09-12 de schout namens de kerk beleend; 1631-08-25: accordeerde de heer van Heemstede met schout, schepenen en kerkmeesters wegens de limieten tusssen het croftje gelegen ten westen van de Steenen Camer, daer het school werd gehouden, en het land waar de Steene Camer op stond, eertijds één leen, nu gesplitst in een gedeelte van de heer van Heemstede en een deel van de schout voor de kerk. De heer van Heemstede mocht zijn deel betimmeren; beleningen: 1387 - Jan Boudynsz, 1393, 1430 - Boudyn Jan Boudynsz, 1449-02-12: Jan Boudynsz, 1480-07-09: Jacob Dirksz, 1480-08-06: Jan Boudynsz, 1486-12-17: Claes Jan Boudynsz, 1493-12-27: Boudewyn Voppenz, 1494-02-25: Wolphaert Aelbrecht Symonsz, 1496-12-19: Aelbrecht Wolphaertsz, 1541-03-28: jvr Alyd van Armsaet [Avesaet], 1560-03-20: jhr Adam van der Duyn, 1593-03-17: Cornelis Claesz Bruijn alias Dikbier, 1593-05-30: Jeronimus Bruynseels, 1598-10-29: François Bruynseels, 1615-09-25: Jan Crijnsz, schoolmeester, 1616-02-26: Jan Jansz Caetman, 1625-09-12: de schout tbv de kerk, 1756-08-08: Abraham van Tonningen, daarna geallodialiseerd",Inv Arch Heemstede fol 142v,,
3000006,1625-06-22,,"de Vrou van der Binchorst insinueert mits desen den secretarius van der Wijck op Zee ende Wyck aen Duijn, dat een parthije landts leggende onder Wyck op Zee, groot omtrent 7 morghen genaempt Binckersten bosch, sijnde een erfpacht van der Reeckencamer van Hollant, toebehorende Joncheer Jacop Snouckaert tegenwoordich heere van Binchorst, haer soon, hem aenbestorven bij doode van Joffrou Martyna Snouckaert vast gemaeckt is bij desselfs Joffvrou Martina testamente in date den 17e Februari anno XCIv negentien, tot dat de voorn. Joncheer Jacop oudt zal zyn 18 jaren, verzoecke mits desen hiervan notitie gemaeckt ende gehouden te worden volgens placcaten der heeren Staten. Ten oorconde bij mij onderteijckent op ten 13e Juni 1625 bij mij, was geteyckent: Anna van Bredenroode. Deesen by ons, schoudt ende schepenen van Wyck op Zee geonderteijckent op huyden den 22 Juni 1625",R.A.H. O.R.A. 1326 fol 90,,
3000007,1625-07-01,,"lijfrentebrief, groot 33 pond 6st 8d op Henrica van der Does, weduwe van Mathenesse, oud 35 jaar, onder haar biljet van den 200e penning, betaalbaar in 2 termijnen, op 1 Januari en 1 Juli van elk jaar te Leiden",P.N. van Doorninck: Inv Charters van der Does regest 158,,
3000008,1625-08-24,,"belening door de Staten van Utrecht gedaan, van het huis te Nyveld op Hans Wolfert heere te Brederode, bij overgifte van zijn moeder",V.R.O.A. 1909 p 156 no 280/Arch Detmold Brederode,,
3000009,1625-09-12,,"de ridderschap oorkondt dat Jan Jansz Caetman heeft opgedragen: 1) een huys en erve in den dorpe van Heemstede, oost: het land daar de kerke van Heemstede op staat, zuid: het navolgende perceel leens, west: Jan Jansz Caetman, noord: de Heerenwech, 2) een huijsken en boomgaert achter de voors. huysinge en erve, oost: de wech naer t slot van Heemstede, zuid: Hendrick Pietersz, west: Jan Jansz Caetman, noord: het voorgaande perceel. Vervolgens wordt hiermede beleend Johan van Asch, baljuw van den huize en schout van den ambacht van Heemstede, tbv de kerk aldaar, volgens zijn commisie dd 22 juli door heer Adriaen Pauw, ridder, heer van Heemstede, hem verleend; 1625-07-06: Jan Jansz Caetman had deze beide percelen aan schout, schepenen en kerkmeesters verkocht","G.A. Heemstede, Reg Holland van Heemstede (67) (465) fol 144/Inv Heerlijkheid Heemstede no 383 p 124","mannen: heer Cornelis van der Myle, ridder, heer van der Myle, St Anthonispolder etc, Dirck Gool, onse griffier van leenen, Jacob Borman, Abraham van Clermont",
3000010,1625-09-21,,"op huyden es mij ondergeschreven secretaris, Jan Boon Percijs,  door Claes Cornelisz Brechten vertoont enen gecasseerden rentebrief, gepasseerd bij Cornelis Jansz, wonende tot Lymmen aen de Santdyck, tbv Jan Cornelisz Vuyttenhage van 36 gld per jaar, speciaal verseeckert op een stuck lants gelegen in de Suijderbuert tot Egmond, genaemt Staestencroft, groot omtrent 600 roeden, wesende in dato den 10e Juli 1615. Ende alsoo deselve alhier niet en es gevonden in den protocolle es dit her gestelt ten eynde als gecasseert, ten dage als voren bij mij",R.A.H. O.R.A. 2099 katern E fol 13v,,
3000011,1625-11-26,,"staat van landerijen, obligatien en andere authentieke stukken, nagelaten door Karel van Matenesse, Ruwaard, baljuw en hoog-dykgraaf van Putten, en door Johanna Pieck, opgemaakt door Amelis en Florentina van Matenesse, enige zoon en dochter; gedaan op het slot te Geervliet",Berigten Hist Gen dl 3 p 123/Arch Mathenesse,,
3000012,1626-02,,"testament van Johanna Pieck, abdis van St Servaas te Utrecht: Amelis van Matenesse is leenvolger en met zijn zuster Florentina universele erfgenaam",Kroniek Hist Gen jg 1851 p 146/Arch Mathenesse,,
3000013,1625,,"akte waarbij Johan de Voocht, heer van Polanen, jonker Joost van Aemstel van Mynden beleent met de tienden van Monster (met oudere leenbrieven 1399, 1437, 1470, 1495, 1528, 1596)",R.A. Arnhem Inv Arch Doornenburg no 305a,,
3000014,1625,,fragment van de akte van huwelijksvoorwaarden van graaf Albert van den Bergh en Maria Elisabeth van den Bergh,R.A. Arnhem Inv Arch Doornenburg no 524,,
3000015,1626-02-04,,"Niclaes van der Duijn, heer van Ryswyck als bezitter en leenheer van de hofstede van der Burch in den ambachte van Ryswijk, beleent jhr Dirck van Haerlem van Berckenrode Henricsz met 12 ½ morgen land in het ambacht van Rijswijck in een woninge geheten Schuylenburg, hem aangekomen bij dode van zijn vader jhr Henrick van Haerlem van Berckenrode (vgl 1559-07-17); 1643-11-16: Niclaes beleent Goedelt van Haerlem van Berckenrode hiermee, na dode van haar broer jhr Dirck van Haerlem van Berckenrode; haar gekozen voogd de heer Cornelis van der Hooch, hoge heemraet van Rijnland, doet de eed; 1649-02-09: Niclaes beleent jhr Henrick van Alckemade van Berckenrode heer van Berckenrode, Grote Linden, na dode van zijn moeder Goedelt van Haerlem van Berckenrode",Ms Opstraeten v.d. Molen dl III fol 882-884,"leenmannen van Holland: Johan van den Werve, Boudewijn van Beeckesteyn; zegel van Niclaes: een leeu waerover heen een barensteel op den helm een croon ende den halven leeuw; 1643: de heren Arent en Cornelis van der Hooch; 1649: Arent van der Hooch en Joris Maertsz  van der Voort",
3000016,1625~,,"twee brieven van de kinderen van mr Rombout Hogerbeets [stierf 1625-09-07] aan de Staten Generaal om aan hun vader toe te staan om in een binnenlands gelegen stad of dorp van Holland zyne dagen bij zijne kinderen te mogen eindigen. Daar staat dat hun moeder op Loevesteyn overleden is. Zij stellen ""dat sij beide van vaders ende moederszijde van eerlijcke oude afcompste in Holland gesproten zijn, alsoo haer vaders voorouders boven memorie van menschen tot de regering der stede Hoorn gebruikt zijn geweest, en dat haer grootevader mr Dirck Hogerbeets in den jare 1568 bij duc d'Alba in ballingschap verderven en van zijn goeden berooft is geweest, dat hij daarna tot zyn dood het land gediend heeft o.a. als gecommitteerde ter vergadering van de St Gen. Dat de vader van hun moeder mr Adriaen Wenssen, die in de stad Dordrecht uijt een seer eerlyck geslacht wesende, in den aenvanc dat oorloge aldaer als raet en pensionaris gedient heeft gehad, so lang tot hij in den jare 1584 tot Raedt in den Hogen Raad van Holland is beroepen geweest, hebbende zijn oudste zoon Jacob Wenssen in zijn leven geweest bailluw ende ruwaert van den lande van Strijen, en zijn tweede zoon Jan Wenssen gecommitteerde eerst in den Lantraedt tot Uytrecht ende daerna schout der stad Dordrecht en baljuw van Zuid Holland; 1625-07-27: zij schrijven dat zij van joffrouw van der Mewe haar huis gelegen bij Wassenaer genaempt ""het huis ter Meer"" mogen gebruiken om daarheen hun vader van Luwesteyn over te brengen; 1625-06-18: had Jacob van den Eynde, castelein van Woerden bericht dat het hem gansch ondoenlijck en ongelegen was om daar een gevangene onder te brengen omdat daartoe accomodatie ontbrak, en dat het tevens door zijn hoge ouderdom en die van zijn huisvrouw niet mogelijk was",Kroniek Hist Gen te Utrecht jg 1852 p 237-239,,
3000017,1626-05-21,,"compareerde voor schout en schepenen tot Egmond aan Zee Engel Adriaensz, onse buerman, en erkende schuldig te zijn aan de edele Loeff van Haerlaer 85 gld ter zake van geleverde materialen soo ryet als andere by Phillips Pietersz metselaer op tie Hoeve aan het huis van de comparant geemployeert, onder verband van dit huis en erve, staande in de Achterstraat, oost: Claes Jansz Santvoort, west: Maritgen Bouwensdochter, zuid: de Achterstraat, noord: de wildernis",R.A.H. O.R.A. 260 fol 38/Transportregister Egmond op Zee,"Eddick Claesz van Sanen, schout, Andries Centen en Gerrit Dircsz",
3000018,1626-04-20,,"het Hof van Holland approbeert de verkoop van een huis en erve, potinge en plantinge, gelegen te Leiderdorp, noord: de Lage Rijndijk, oost: huis en erf van Cornelis Dirksz, nu wonende te Amsterdam, zuid: de Rhijn, west: de Achthovender cade, toebehorende aan Frans Cornelisz, waert in de Leeuw, wegens een hypotheek tbv Catarina Jansdochter, weduwe van Cornelis Jansz, backer tot Alphen, ingevolge een akte van condemnatie door genoemde weduwe op 1 Mei 1625 van het Hof daartoe verkregen",P.N. van Doorninck: Inv Charters van der Does regest 159,,
3000019,1626-07-31,,"het Hof van Holland bevestigt het vonnis van schepenen van Alkmaar, waarbij mr Quirijn Breemburch veroordeeld was tot betaling van fl 3-6-0 aan het chirurgijnsgilde wegens het niet naleven van de artikelbrief",Bruinvis: Aanv Inv Arch Alkmaar p 23 no 31a,,
3000020,1626-08-12,,"testament van Valerius van Meulich, wyncoper en Petronella van Moeriaen: Valerius maakt tot zijn erfgenamen: 1) de kinderen van zijn halfzuster Lysbeth Alberts voor ½, 2) de kinderen van Tryntje Alberts voor ¼, 3) de kinderen van Jannetje Jans, dochter van zijn overleden halve zuster Annetje Jans, voor ¼; Petronella maakt tot haar erfgenamen elk voor ¼: 1) Lysbeth Brinchoff, 2) Geertruid Brinchoff, 3) de kinderen van Cornelis Brinchoff, 4) Maritje Willems, allen kinderen van haar zuster Geertje van Moerienne",G.A. Amsterdam Not Arch no 249 fol 67v,,
3000021,1626-08-20,,"Jacob Cornelisz Walenburch, openbaar notaris te Egmond op de Hoef, instrumenteert het testament van de eersame Geldolff Jansz van Harlaer, wonende tot Egmont op tie Hoeve: hij legateert aan zijn zuster Anna Jansdochter van Harlaer (1644-06-14, 1657-05-09) 6 Kar gld in eens, ""om sonderlinge redenen, liefde en affectie die hij tot Anna Jacobsdochter van Egmont zyn huisvrou is dragende"", maakt hij haar tot zijn universele erfgenaam, uitgezonderd ""den alleenlycken t gunt Trijn Cornelisdochters zynen testateurs moeder hierinne bevonden soude mogen werden te competeren"", gepasseerd bij zijn notaris te Egmond op ten Hoeven aan de noordzijde van de Heerenlaen",Not Arch (Egmond) 787 akte no 100 ,"ter presentie van: Jacob Jansz Apelman, coopman te Amsterdam en Floris Meynertsz, timmerman, wonende op die Hoeve",
3000022,1626-10,,"testament van de eerbare Guertgien Pietersdochter, nagelaten dochter van Pieter van Egmond, mede wonende te Egmond op die Hoeve, ziekelijk zijnde: aan haar oudste zuster Neeltge Pietersdochter, die haar tijdens haar ziekte verzorgd heeft, legateert zij haar klederen en gemunt. Bovendien geeft zij haar zuster boven de laatste rekening, iplv haar oom Jacob van Egmont gedaan, nog 200 Kar gld. Aan de armen van Egmond Binnen en op tie Houv 100 gld en aan de armen te Egmond op Zee ook 100 gld. Tot haar erfgenamen stelt zij haar zusters Neeltgien Pietersdochter, Weyntgen Pietersdochter en Maritgen Pietersdochter van Egmond en de kinderen van haar overleden broer Jan Pietersz van Egmond; gepasseerd ten huize van Neel Pietersdochter, waar de testatrice woont, staende an de Nieuwe [Vaart ?] tot Egmond op die Hoeve",Not Arch Egmond 787 akte no 96,"in presencie van Joest Ariaensz, burgemeester, Aelbert Jacobsz Walenburch, oud burgemeester te Egmond op die Hoeve",
3000023,1626-10-31,,"schepenen van Heemskerk oorkonden dat de erfgenamen van Christina Smulincx, weduwe van Pieter de Sednelijski, heer van Goltis en gouverneur van Grave, enige percelen land aldaar transporteren aan jhr Jacob Barthoudt van Teylingen te Alkmaar",Bruinvis: Aanv Inv Arch Alkmaar p 147 sub 30e,,
3000024,1626-10-16,,"notaris Jacob Schoudt te Haarlem oorkondt dat Frans Hals, mr schilder ende poorter dezer stede, voor hem zelf en vervangende Dirck Hals, zijn broeder, tesamen erffgenamen van Joost Hals, heuren overleden broeder, verclaerende hij comparant in de voors. qualiteit, gerenunchieert en ontlast te hebben, gelijck hij bij desen renunchieerd ende ontlaet mits desen alsulcke arreste ende becommernisse als de voorn. Joost Hals zijn broeder all in den jare 1623 heeft laeten doen op de boel ende goederen van sa. Caerl Vermander binnen de stadt Delft overleden, stellende mits dieselve goeden wederom in zijn eerste en vorige staat, sulcx die voor date van t voors. gedaen arrest geweest zijn.",R.A.H. O.R.A. …... ,ondertekend door Frans Hals,
3000025,1627-08-16,,"schout en schepnen in Leiderdorp oorkonden dat Huijch Adriaensz Tersijden, cruidenier en biersteker tot Leiden, verklaarde in het openbaar verkocht te hebben en alsnu te transporteren aan Jan Maton tot Leijden de helft van een huis en erf aan de Lage Rijn bij de Doesbrugge onder Leiderdorp, waar Jan Maton de wederhelft van competeert",P.N. van Doorninck: Inv Charters van der Does regest 160,"Claes Gerritsz van Harmelen, schout, Jan Pietersz Timmerman, Adriaen Jacobsz, schepenen in Leiderdorp; met het zegel van het ambacht, contrazegel van de schout",Mathenesse
3000026,1627-11-23,,"sententie van het Hof van Holland in een zaak betrekkelijk het testament van Marie Dever van Mijnen, weduwe van Joost bastaard van Brederode, hangende tussen de erfgenamen van wijlen Johan heer van Matenesse ter ener-, en Dirk van der Does, baljuw van Rijnsburg voor zich en tezeamen met François van der Does, als ooms en voogden van de kinderen van wijlen Steven van der Does, heer van Noordwijc, Raad in het Hof van Holland, en vervangende Caspar van Eusum heer van Nienoort Bredevelt, als man van Anna van der Does, tezamen erfgenamen van wijlen Johan van der Does, heer van Noordwijk en Raad in de Hoge Raad van Holland, mitsgaders Maria Rattaller van der Does, dochter van Adriaan bij Maria van Borselen, als moeder van haar twee onmondige kinderen bij wijlen Johan van Gelmen heer van Middelburch en Cattendijk, ter andere zijde",Kroniek Hist Gen jg 1852 p 286/Arch Mathenesse,,
3000027,1627 (1),,"eigendomsbewijs voor jonker Johan van Bekesteijn van 3 hont land te Heemstede, afkomstig van Lancelot Fransz, met een verklaring van 1627 en een oudere brief van 1562",R.A. Arnhem Inv Arch Doornenburg nr 335,,
3000028,1627 (2),,oproep van het Hof van Gelderland aan de kelner van Putten om te compareren in een proces tussen Brant Aertsen en Hendrik van Nulde,Arch Kelnarij Putten Inv Suppl 250e,,
3000029,1627 (3),,"huurcedulle van de hofstede Starrenburg onder Hoogenban door Johan van Wassenaar verhuurd aan Cornelis Adriaansz, met oudere huurcedullen dd 1605-1616 (Inv 461; 1618: eigendomsbewijs voor Johan van Wassenaar van 7 morgen land onder Overschie en Hoogenban, afkomstig van Adriaen Jacobsz, met een oudere overdrachtsbrief van 1614 (Inv 462); 1619: huurcedulle van 7 morgen land in Hoogenban door Johan van Wassenaer verhuurd aan Cornelis Adriaensz (Inv 463)","V.R.O.A. 1920 dl I p 286/Arch Kasteel Duivenvoorde no 461, 462, 463",,Overschie
3000030,1628-04-11,,"schepenen tot St Maerten oorkonden dat op verzoek van Maerten Dircsz van Bredenroede geattesteerd is door Jan Cornelis Matis van Groenvelt, oud 78 jaren, en Willem Claes Sierops. onse poorter, oud 78 jaar, dat Dirck Jansz van Brederoede van den Stroet sal. vader [was] van den requirant, die wij van sijnder joncheijt aen wel hebben gekent, overmits wij nagebuijren hebben geweest, die welcke die vrije jacht van t jaegen van den jare 1564 altijt heeft gebryckt tot sijn overlijden toe, sonder opspreek ende wederseggen van iemant. Verclaeren vorder dat den voorn. Maerten Dircsz van Brederode mede de jacht van t jaegen heeft gebruyckt soo bij de tijden van zijn zal. vader, ende oock nae zijn dood, tot nu toe, zonder wederseggehen ende opsprek van iemant. Verclaeren vorder dat het ons wel kennelyck is dat hij Maert Dircsz met zijn vader syn van den huyse ende geslachte van Brederoede; oorconde deese bij onsen scheepenen geteikent ende met onse gemene stadszegel bevesticht (vgl 1617-02-28); 1765-08-28: gecoll. copie van notaris H. van Davervelt te Alkmaar",Not Arch Alkmaar,"Cornelis Jansz backer, Taems Aeriensz en Maerten Cornelisz, schepenen tot St Maerten; ook getekend door E Wybrants",
3000031,1628-06-08,,"de regering van Brussel oorkondt dat dominus Franciscus de Dongelberge, eques auratus, dominus de Herlar in Vilvordia, Zillebeke op verzoek van nobilis vir domicellus Hugo de Mierop dominus de Calslage et Sweeten, attesteert de navolgende documenten betreffende de oude adeldom van de heren van Mierop (qui originem trahunt ex illustri familia de Cuyck) getrokken uit de archieven gelezen te hebben: 1) 1382-11, 2) 1390-01-24, 3) 1381-01-17, 4) 1391 post paschae (na 26 maart), 5) 1374-12-20. Jeronimus van Becberghe, herault ende roy d'armes van Brabant attesteert onder deze akte ""dat mij ghebleken is, dat het huys van Myerop gesproten is van de baenderheren van Cuyck ende van ouder hercommen van ridders ghecommen""","Kroniek Hist Gen Utrecht jg 1848 p 166, 167",,
3000032,1628-08-10,,"schout en schepenen van Heiloo oorkonden dat mr Aelbert Florisz, schoolmeester tot Egmond, krachtens zijn procuratie gepasseerd bij Claes Dircsz en Pieter Heyndricsz, burgemeesters van Purmereynde, gepasseerd voor Pieter Aerijaensz Heijligedach, schout tot Egmond en Nanning van Harlaer, schout tot Baccum als getuigen, en Jan Boon Pereijs, secretaris van Egmond, dd 1628-06-28, transporteert aan de eersame Nicolaes van Kinschot, fiscaal voor den Hove van Holland, 1½ gars lants leggende met hem gemeen in een stuk weytlants gelegen over de Ye, west: Aryaen Jansdochter, weduwe van Gerrit Jansz Hogeboom, zuid: Pieter Arentsz en Cornelis Jansz Hogeboom, oost: de ringslut van de Boekelermeer, noord: Pieter Jacobsz",O.R.A. 73 fol 75v,"Pieter van Velden, schout van Heyloo, Adriaen Symonsz en Pieter Remmen, schepenen aldaar",
3000033,1628-08-26,,"krachtens het mandement van de Hooge Raad dd 26 Juli 1628 heeft Pouwels Blanckerts, deurwaerder, zich ten verzoeke van Cornelis Willemsz Thuijnman, poorter van Haarlem, als man van Machteld Jansdochter, en Gerrit Jansz Wildeman wonende in de Beverwyck, impetranten, zich op 26 Aug. getranspoortert aan de persoon van Johan van Nes als last hebbende van de andere crediteuren, Jan de Vree, brouwer van de 2 Climmende Leeuwen, Cornelis Garbrantsz Borst, mede brouwer van de Passer, Jan Backer, houtcoper, Annitge Arents Coggemans j. dr, Grietge Engelsdochter, beyde dienstboden van zal. mr Cornelis uten Hage, Rem Pietersz cuijper, Sybrant Stam etc, Gerrit Wildeman wonende in de Beverwijk, allen crediteuren van wijlen mr Cornelis uten Hage, en heeft hen gedachvaard met hun vorderingen op 5 sept. a.s., ten huize van wijlen mr Cornelys uten Hage in de Smedestraat",R.A.H. O.R.A. ,,
3000034,1628-12-19,,"op deze dag compareerde in de register kamer van Holland wie ? ende heeft in den name ende als gemachtight synde van Cornelia van Laerschot bij procuratie den 6e der vors. maent voor Jan van Heemskercke, den notaris ende getuygen binnen der stede van Heusden gepasseert, versocht dat der leenmannen brief van de rente van 4 gouden Car gld per jaar en de constitutiebrief daarvan, daarop gevolgd, zullen worden gecasseerd hetgeen hierbij geschiedt",R.A.H. Coll Aanw 135 Caput Sticht fol 18,getekend: D Gool,marginale aantekening bij de akte dd 1564-02-03 stilo communi
3000035,1628 (1),,huwelijksvoorwaarden tussen Reiner van Voorst tot Heteren en Johanna van Amstel van Mynden,R.A. Arnhem Arch Doornenburg Inv no 237,,
3000036,1629-04-12,Heemstede,"Tryntgen Willemsdochter, weduwe van Frans Barthoudsz Schatter, geassisteerd met Cornelis Adamsz Verwer, transporteert aan Cryn Arentsz, buerman in Heemstede, de opstal van huis staende op de grond van de heer van Heemstede. Erfpacht 3 gld 6st, oost: de Heerewech, west: de Santvaert van de heer van Heemstede, noord: het voetpat van de Sanders, zuid: de watersloot van Pieter van Hulle",R.A.H. O.R.A. 577 fol 12v,,
3000037,1629-03-20,,"lijfrentebrieven van de Staten van Utrecht van 500 Kar gld voor Sophia Theodora, Florentina en Trajectina Anna, dochters van Hans Wolfard heer te Brederode",V.R.O.A. Arch Detmold Brederode 1909 p 159 p 302,,
3000038,1629-02-07,,"akte gepasseerd voor Jan Pietersz Vekemans, notaris te Dordrecht, waarbij namens Willem van Kerckhem [Kerchem] heer van Haren, stadhouder van het graafschap Loon, als voogd over zijn twee jongeste dochters, Walburg en Elisabeth, erfgenamen van Cornelia de Borchgraeff, aan mr Cornelis van Beveren Byland in eeuwige erfpacht wordt afgestaan (vgl 1619-09-14)",J.A. Jaeger: A.R.A. Hs 3e afd no 1193b p 223,,
3000039,1629-07-27,,Jacob van Duynen als man van Catharina Maes transporteert aan de H Geest in Den Haag een rentebrief van 56 gld 5st ten laste van het land van Holland,Inv Arch H Geest Den Haag dl I Inv 851,,
3000040,1630-05-22,,"testament van Joost Arentsz van Haerlem en van zijn vrouw Duyfgen Keysers van Poelenburch; zij vernietigen hun testament voor notaris Cornelis Jansz Baert op 1627-11-05 te Alkmaar verleden. Genoemd: Trijn Keijsers haer zuster en bij haar vooroverlijden haar dochter Jannetje Cornelis en de kinderen van Jan Heynricksz Keijser, haar overleden broeder, met name Griet Jans, Jannetgen Lysbeth Jans en het nagelaten kind van Neeltgen Jansdochter, haar broeders dochters kint",R.A.H. Not Arch Egmond no 787 akte no 122,,
3000041,1629 (1),Wimmenum,"lynbouck van t helmplanten, register van lijnmeesters met de landen [verkort]: Ie lijn: Cornelis Jansz, groot 42-0, zijn weijtgen voor zijn deur 450-0-0; Pieter van Dyck en mr Aelberts Broeckgen, groot 1015 ½-0-0, zijn laech van coopman 527-0-0; Tonis van de Nol 100-0-0, Moeijesacker 80-0-0, die Capelackers 100-0-0; zijn schoonvader mr Aris (1657-11-16, 1661-08-18, 1670-10-10), 1927-0-0 = totaal 4241½-0-0; IIe lijn: Loeff van Harlaers hooffsteede op den laege geest; IIIe lijn: Pieter Adriaensz, zijn hofstede 200-0-0, ackers voor het huijs 225-0-0, 1 acker 50-0-0, die waeijt 500, Suijckers waeytgen 400-0-0; t laech van t gilt tot Alckmaer 484-0-0; Jan Pieters bruyckwaer van Harper Remmen erven Pieter Walichsz 1004-0-0; Griet Meijnsdochter breelant groot 700-0-0; de bagijnen tot Haerlem 535-00 = totaal 4098-0-0. IVe lijn: Maerten Claes Tonis van de Nol zijn zwager, hooffstede 195-0-0; de crooft van Lambert Jansz 417-0-0 en benoorden die Nollen 288-0-0; Gerrit Reyersz buyten dyck 887-0-0. Ve lijn: Loeff van Harlaers hoofstede. VIe lijn: Allert Pouwelsz, zijn hofstede 195-0-0; Willem Adriaensz waeijt, groot 250-0-0 (1657-01-16, 1661-01-16 +04, 05, 1662-02-04 (1665-10-04 ?), 1667-01-11, 1670-10-10, 1673-11-22)",Arch Gemeente Egmond Inv no 35 Lijnboeken en Lijnmeesters 1629-1805,,
3000042,1630 (2),Wimmenum,"lynbouck van t helmplanten, register van lijnmeesters met de landen [vervolg]: VIIe lijn:  Jan Pietersz, groot 329-0-0; Pieter Jacobsz Crynnen met eygen en bruyckweer 1800-0-0; Gerrit Arentsz eygen en bruyckwaer 1752-0-0. VIIIe lijn: Ariaen Jansz, zijn huis croft 700 roeden; Aecht Willemsdochter 1033 roe; Pieter van Dyck 1812½ roe. IXe lijn: Albert Hillebrantsz (1661-04/05, 1667-01-11) eygen en bruijckwaer groot tesamen 43 roe. Xe lijn: Jan Jacobsz die laege waeyt 556 roe; Wouter Cornelisz bij zijn huijs 203 roe; Ariaen Jacobsz 150 roe; Cornelis Jansz 190 roe; Jacob Cornelisz 535 roed; Trijn Gijssen 570 roe; XIe: Gerrit Cornelisz, sijn eigen groot 430 roe, het oesterlant 2737 roe; Aris Cornelisz zijn broeder met sijn bruijckwaer, groot 1235 roe. XIIe: Claes Diercksz, 2022 roe; Hendrick Allertsz eigen en bruikwaar 1533 roe; Dielff Jacobsz van Cnechten Cornelisz. XIIIe: Adriaen Maertsz, eigen en bruyckwaer, tesamen 2046 roe; Claes Thijsz eygen en bruijckwaer 2485 roe. XIVe: Ariaen Leenertsz, zijn eijgen bruyckwaer en Symon Hillebrantsz tesamen 3514 roe; Cornelis Bastiaensz 500 roe. XVe: Loeff van Harlaer. XVIe: Pieter Symonsz eygen en bruyckwaer tesamen 2800 roe; Jan Gerritsz van der Beeck 575½ roe; Cornelis Jansz eygen en bruyckwaer 800 roe. XVIIe: lijnmeesters Ariaen Valck, 700 roe en Cornelis Jansz Root 550 roe; Thijssen weyt met de ackers van Floris Meijns, groot 985 roe; Jan Symonsz 125 roe; Jacob Jansz op Sammer de halve croft 250 roeden; Anna Remmen Brouckens groot 250 roeden; Wassenaers ackers groot 200 roe; Jan Hendriksz Roodenburch die crooft 600 roe; Ronghen Scheijtvelt 80 roe; die deekensacker groot 108 roe",Arch Gemeente Egmond Inv no 35 Lijnboeken en Lijnmeesters 1629-1805,,
3000043,1629,,"de Staten van Holland verkopen 2 morgen 1 ½ hont en 13 roeden land in het Nieuwelant te 's Gravensande, gekomen van de Regulieren van Bethanien aldaar, aan Joris Willemsz Oudendyck; met akte van transport van deze landen voor het gerecht aldaar",J.A. Jaeger: A.R.A. Hs 3e afd no 1295d p 237,,
3000044,1633-11-10,,"Jan Adriaensz en Valck Adriaensz, buren tot Wimmenum, bekennen ontfangen te hebben van Pieter Adriaensz als mede collecteur van de verponding, de somma van 21 Kar gld 3st, ter cause van verscheyden parken duyns by ons aengenomen te beplanten etc. Dergelijke quitanties van Jacob Hendriksz, buerman te Emond op die Hoeve (11-06), Pieter Symonsz (11-10), en van Jacob Arensz en Jan Jansz",Arch Gemeente Egmond Inv no 2….,,
3000045,1633-09-28,,"Aeffgen Jansdochter, weduwe van Frans Jaspersz, eysseressche, contra joncheer Willem Calslaegen [van Cuyck van Myerop], gedaegde: eisschersse stelt dat zij zich altijd als een eerlijke weduwe gedragen heeft, doende haar best om met haar kinderen eerlijk door de wereld te gaan. En dat zij howel zittende in armoede in eerbaarheid door het leven gegaan is. Dat de gedaagde haar verleijt heeft om vleeschelijke gemeenschap met hem te hebben, en dat zij op voorleden donderdag ""een jonge zoon heeft gebaert"", zonder dat zij na de dood van haar man ooit met iemand vleeschelijke gemeenschap heeft gehad. Zij eist nu 60 Kar gld voor de craamkosten ""mitsgaders het geteelde kint met hem te nemen end nog voor haar kleren 600 gld"", en uitkering van een alimentatie. Gedaagde verzoekt copie",Rol Schout en Schepenen Egmond Inv 2083,,
3000046,1632-06-24,,"schepenen van Nieuwer Amstel oorkonden dat Cornelis Claesz Assendelft, wonende in t heerenhuis halffwegen Haerlem, erkende schuldig te zijn aan Gerrit Wybrantsz, wonende aen de Amstel voor hem zelven, en Claes Jansz Jongen Buytenveldert en Jan Wybrantsz op t Walenpat buten Amsterdam, als voogden van de voors. Gerrit Wybrantsz, 1150 gld, uit de coop en custing van een stuk land in Buytenveldert, groot 2½ mad",R.A.H. Coll Roeperpapieren Haarlem Inv 134,,
3000047,1631,,"Cornelis van Flory en Willeboord Arentsz, koopman te Egmond op de Hoef, contra de Procureuer Generaal, betreffende de koop van een gedeelte van het bos van Egmond",J.A. Jaeger: A.R.A. Hs 3e afd p 7,,
3000048,1630-12-13,Heiloo,"de schout van Heyloo en de schepenen aldaar oorkonden dat Adam Dircxz Hinderduijn, landdrost van West Vriesland en het Noorderquartier, transporteert aan zijn zwager Geldolf Gerytsz van Harlar, casteleyn van den huyse tot Petten, een huijs ofte hofstede met omtrent 28 morgen lant, Alkmaer mate, daer eertijts een boomgaertgen, speelhuys ende voegelkoije op en in gestaan heeft, alle tsamen gelegen in de Zuiderpolder van het Groenwater, leggende achter de Nieupoort in de ban van Heyloo. Met een vrije eigen toegang tot hetzelve huys en landen over de molenwerff gelegen in de Noorderpolder van het voors. Groenwater, en steckende van de Heijlverdijk aff tot aen de scheijsloot tussen beyde polders gelegen, en waterlosinge van de hecken af tot aen de molen toe door t land van Gerrit Vechtersz etc. Belast met 7 gld per jaar tbv de stad Alkmaar (en een hoofdsom van 116 gld). Verder belast met een onlosbare rente van 3 gld per jaar ovor de ambachtsheer ter cause van swaendrift",O.R.A. no 73 fol 103,"Pieter Isbrantsz van de Velden, schout van Heyloo, en Pieter Aeryaensz Cooch en Jan Symonsz Paesschen, schepenen aldaar",
3000049,1630-04-26,Heiloo,"de schout van Heyloo en de schepenen aldaar oorkonden dat mr Floris van Harlaer, tot Alcmaer, verkoopt aan Cornelis Jansz anders Kees Jan, wonende tot Boeckel, een acker geestlant in de ban van Heyloo op Bouckelergeest, groot 16 .., soe hem cooper toegemeten is uytte naestaen gelegen acker te zuyden, hem verkoper mede toebehorende, noord: de kinderen van Jannetje Cornelisdochter [Stam], zuid: Floris van Harlaer, west: de Heereweg, oost: de Lydtwech. Verkoper draagt over een oude kwijtschelding bij mr Jan van Wittendael daeraf verkregen, bezegelt bij Ysbrant Arentsz van der Velden ddd 1621-05-07. Mr Floris van Harlaer verkoopt vervolgens aan Cornelis Tyssen Rijser tot Amsterdam, een acker saetlants, gelegen tot Boeckel in de ban van Heyloo, oost: de Lijtwech, zuid: Marytgen Ariaensdochter, west: de Heerenweg, noord: Cornelis Jansz. Volgens de kwijtschelding waarbij zijn schoonvader mr Jan Wittendael dit perceel verkreeg, bezegeld bij Jacob Lambertz van Duynen in dato 1609-01-09 [of 1600]",O.R.A. no 73 fol 96v,"Pieter Ysbrantsz van Velden, schout van Heyloo, en Willem Pietersz paardemr. en Jan Symonsz Paessen, schepenen aldaar",
3000050,1631-01-10,Heiloo,"schout en schepenen van Heyloo oorkonden dat mr Flory van Harlar, wonende binnen de stede Alkmaar, verkoopt aan Rong Jansz, oud schepen te Heyloe, een acker geestland gelegen in de ban van Heyloe in Oesdom op t zuijtent van de Capellaen, groot 300 roeden, zuid: de Buerelaen, noord: Pieter Jacobsz, west; t Holetoochgen, oost: Dirck Jansz noom Jannen",O.R.A. no 73 fol 104,"Pieter Isbrantsz van de Velden, schout van Heyloo, Jan Symonsz Paessen en Aeryaen Aeryaensz, schepenen aldaar",
3000051,1631-05-23,Heiloo,"schout en schepenen van Heyloo oorkonden dat Maerten Claesz Emmen als deken van het Schippersgilde c.s transporteert aan Geldolff van Haerlaer, casteleijn tot Petten, een stuck lant in de banne van Heijloe in des coopers Coijmeer, groot 1 ½ morgen, noord, oost en zuid: Geldolf van Harlaer, west: de Ringsloot",O.R.A. no 73 fol 111,"Pieter Ysbrantsz van der Velden, schout en Wilboort Dirksz en Aeryen Symonsz Kint, schepenen van Heiloo",
3000052,1630-02-20,Velsen,"schepenen in de ban van Velsen oorkonden dat Engel Engelsz, wonende op t huijs te Velsen, transporteert aan Jan Cornelisz Post, onze mede buerman voors. aen Duyn, een crofte geest- of teelant in de ban van Velsen, aen Adrycommer duyn, groot 4 ½ hont, noord: Jan Cornelisz Post, oost: het gasthuys van Wyck op Zee, zuid: Gerryt Engelsz, west: Adrycommer duyn, wesende vrij sonder enige last ofte beswaernisse anders dan alleenlyck met zijn ordinars wech. Voorts met de servituyt van een voetpadt dat  er over loopt ende syn nothweg pastseren [?] oostwaart uyt over het voors. gasthuysland, met zijn waterlosinge door de sloot heen. De Principael koop is fl 800. Betaelt ⅓ part gereed. De 10e penning van dese voors. hoofdsom bedraagt fl 32-10-10, betaelt",R.A.H. O.R.A. no 959,"Jan Luytsz Groen, schout, Frans Symonsz en Claes Jacobsz, Jan Cornelisz Postbrieff, schepenen in de ban van Velsen",
3000053,1630-05-10,Heemstede,"stadhouder en leenmannen van Holland oorkonden dat Jan Janssen van s Gravesloot heeft opgedragen tbv Adriaen Pauw heer van Heemstede, 312 roeden 97 voeten land in de ban van Heemstede, oost: het capelrye land, zuid: de ingang hiervan, west: de Heereweg. Adriaen Pauw heeft hieruit tot erfleen uitgegeven aan: - 1633-08-01 (fol 13v) Gerrit Huybrechts schoenmaker te Heemstede, een erve strekkende voor van de dorpsweg tot aan en nevens het schoolhuis bij en omtrent de kerk te Heemstede; 1654-01-12: Gerrit Huijbrechtsz vernieuwt de eed; 1659-08-03: Jan Bartels van Dyck x Jacomyntje Jacobs, bij dode van Gerrit Huijbrechtsz; - 1633-08-01: (fol 15) uitgegeven aan Jan Huybrechtsz, huistimmerman te Heemstede, een erve gelegen aan de dorpsweg naast het voorgaande leen; 1654-02-18: verkocht door diens crediteuren; - 1637-10-09: (fol 16) uitgegeven een erve omtrent de kerk, aan de Voorweg, groot 19 roeden, aan Hendrik de Goijer, rentmeester van Holland; 1654-09-01: beleend Daniel Cambij; - 1640-05-08: naast het leen van fol 15 een erve uitgegeven aan Wouter Govertsz; 1695-10-25: beleend Aert Willemsz van der Naelt bij dode van Pieter Reijersz; - 1654-02-18: (fol 18) van ditzelfde leen wordt een erve gelegen naast dat van fol 16 in erfleen gegeven aan de heer Servaes van Panhuijs tbv zijn vrouw Anna Cornelia Pauw; - 1654-01-12: (fol 19) een erve gelegen naast dat van fol 16 in erfleen gegeven aan Dirk Floris backer, schepen te Heemstede; 1656-04-20: na dode van Dirk Florisz beleend diens dochter Martien x Cornelis Jacobsz [van der Weyde]; - 1654-01-12 (fol 20) een erve naast dat van fol 19, beleend Jan Claes van Kempen, die dit leen in 1665 overdraagt",G.A. Heemstede Leenboek Register divers I no 469 fol 13v e.v.,,
3000054,1672,Heemstede,"inval van de Fransen: is voorgevallen dat verscheide ruijters en andere personen, vermits de trouble tijd, diverse moetwillen met schieten en delven in de duynen hebben gepleegt. Doch alsoe deselve weder vertrokken ende wegreden is, daerover niet verder kunnen worden geprocedeert of iets genoten",G.A. Heemstede Register divers I no 479 fol 24,,
3000055,1631-04-30,Heemstede,"Jan Philipsz [van der Veldt] verkoopt aan sr Franchois Thierens een stukje weiland, gelegen tussen de Manpadtslaan, noord: St Elisabethsgasthuis, zuid: Willem Pietersz, oost: [de Hout] vaert [later: de Trekvaart]. Koopsom 500 £ ",R.A.H. O.R.A. 578 fol 15v,,
3000056,1635-05-03,,"de ridderschap oorkondt dat Heyman Boumans, schout van Warmond, krachtens procuratie van de joncheren Sweder van Amstel van Mynden heer van Doornenburgh, Gerard de Waal van Vroonesteyn heer van Vroonesteijn en Anthonis van Wees, als ooms en testamentaire voogden over jhr Joost van Amstel van Mynden en de verdere onmondige kinderen van wijlen jhr Joost [Jacob] van Amstel van Mynden en jvr Maria van Sparwoude, in hun leven heer en vrouw van Loenersloot, op 13 april jl verleden, opdragen tbv Dammas Gerrits van Beeckesteijn, backer tot Sassenem, een partij land uyt 6 stucken land gelegen westwaarts van de kerk te Sassenem, groot 1 morgen en nu wesende een teelcroft groot bevonden 642 roeden. Eertyts neffens een huysinge en 10 hond land daartoe behorende, staande en gelegen in de ban van Sassenem, leen van de abdij van Egmond; 1635-10-01: werd Dammas Gerritsz beleend tot een onversterfelijk erfleen (zie ook 1635-05-04)",R.A.H. Coll Aanw 529 fol 322,,
3000057,1630-03-26,,"jhr Adriaen Taets van Amerongen verkoopt aan Aelbert Dircsz, schout van Blaricum tbv zijn nader te noemen meester, die hij binnen 3 dagen zal nomineren, t'huys te Ruysdael, met zijn erve, graften, chingels, landen boomgaerden, thuynen, boulanden en bouhuys en een campgen weiland, alles gelegen in Naerden- en Huysenban. Verder een partij veenland, streckende van de huysingen Ruysdael tot Emenes toe. Kopsom 6000 gld. Koper blijkt te zijn Johan Stachouwer. Bij de verkoop wordt bedongen dat ""tot een vereering van des verkopers huysvrouw en kinderen noch een somme van 2000 gld betaald moet worden"". Op de kaart van Ketelaar uit 1769 staat: ""eertyds het slot Ruissendaal"". Het perceel grasland waar Ruysdael gelegen heeft, wordt door de Blaricumse bevolking aangeduid als ""het hoge slot""",G.A. Leiden Notaris F van Syp,,A.R.A. kaart ca 1526 Hingman no 2580 gekleurd
3000058,1649-03-04,Heiloo,"schout en schepenen van Heiloo oorkonden dat Frans Symonsz, buerman in de Nyepoort, voor ¼ deel, Dirck Heyndricksz Gorter x Annetgen Pieters dochter van Pieter Cornelisz voor ¼, en sulks tesamen voor de ½. Ende Cornelis van Rijckel x Grietgen Symons Schoorl, beide vervangende en de rato caverende voor Dirck Symonsz Schoorl, kinderen van wijlen Symon Jansz Schoorl en Eva van Foreest, tesamen voor de andere ½, transporteren aan Catrina van Harlaer de tegenwoordige huysvrou van Cornelis van Teylingen Bas, oud schepen van Alkmaar, een stucke lants groot 2 morgen 504 roeden, gelegen after die Nuwe poort over die, in die banne van Heyloo, genaempt ""Comeyndersweyt"" [= coman Meynderts weyt], oost: de ringsloot van de Boekelermeer, zuid: Willem Clock, west: Jan Doeven, noord: Marije van Nes; 1591-06-28: laatste transport door coman Meyndert",O.R.A. 75 fol 86v,,
3000059,1654-06-03,,"baljuw en schout van Wimmenum en schepenen aldaar oorkonden dat Willem Cornelisz Heer, wonende in de heerlijkheid Bergen, transporteert aan Valck Ariensz, wonende te Wimmenum, een croft land genaamd ""Simon Dircxz croft"", groot 152 roeden 0 voet 4 duim Berger maat (300 roeden in een morgen), noord: jhr Flory van Harlaer, zuid: de Tichelaan, oost: Hilbrant Symonsz, west: Willem Cornelisz Heer. Betaald met een custingbrief groot 1921 gld","R.A.H. O.R.A. 2139 fol 6v, 7","Gerardt van Vladeracke, baljuw en schout van Wimmenum, Maerten Claesz en Hilbrant Symonsz, schepenen",
3000060,1654-04-18,,"Cornelis Claesz, wonende te Amsterdam, Job Engelsz wonende te Egmond op Zee, als vader en voogd van zijn kinderen bij Gerbrecht Claes, Carel Cornelisz in de Schermer x Tryntie Wybrants, transporteren aan Floris Meijnsz, mr timmerman te Egmond op de Hoef, een crofte land groot 1 morgen in de heerlijkheid Wimmenum, oost: jhr Flory van Herlaer, zuid: Pieter Valcx, met de gemene wech en Nol, west: Hilbrant Symonsz, noord: Arien Pietersz (1681-03-27). Koopsom 600 gld, te betalen in 2 termijnen. Laatste transport 1632-09-29",R.A.H. O.R.A. 2139 fol 7v,,
3000061,1653-12-21,,"baljuw en schout van de heerlijkheid Wimmenum en schepenen aldaar oorkonden dat Jan Pietersz Cuijper en Jan Isbrantsz, beide wonende tot Egmond op Zee, als wettige voogden van Neel Frans, weduwe van Eddick van Zanen, in zijn leven schout tot Egmond op Zee, verkopen aan Jan Cornelisz, schepen van Wimmenum, een acker land genaamd ""Moeijersacker"", oost: de gemene wech, west: Cornelis Florisz, zuid: t capel ackertie, noord: Jan Cornelisz. Tot onderpand voor de vrijwaring stelt hij ""Arent Gijsens leeckie"", oost: de erfgenamen van Loef van Harlaer, west: de nieuwe dyck, zuid: Cornelis Claesz, noord: de erfgenamen van Loeff van Herlaer. Koopsom 277 gld. Het laaststgenoemde land wordt op 1657-04-18 door Jan Cornelisz, oud schepen, uit de vrijwaringsband ontslagen",R.A.H. O.R.A. 2139 fol 5,,
3000062,1651-06-07,,"baljuw en schout van de heerlijkheid Wimmenum en schepenen aldaar oorkonden dat de heer Dirck Vrijburch, burgemeester van Alkmaar, voor zichzelf en als mede erfgenaam van de heer Pieter van Dyck, in zijn leven oud burgemeester, verkoopt aan Jan Pietersz Crijnen, een stuk land genaamd Schipsloot in onse heerlijkheid, groot 4 morgen 93 roeden Hontsbosse maat, oost: Cornelis Jacobsz, zuid: de kerk van Egmond op Zee, west: Pieter Jacobsz Crijnen, noord: de erfgenamen van Thijs Jacobsz. Koopsom 4500 Kar gld. Volgt de custingbrief voor 4500","R.A.H. O.R.A. 2139 fol 1, 1v","Anthony van Saenen, balliu en schout van de heerlijkheid Wimmenum, Valck Adriaensz en Cornelis Dielofsz, schepenen aldaar",
3000063,1652-05-25,,"1) Arent Gerritsz, wonende op de Keijns bij Schagen, zoon van Gerrit Arentsz, 2) Gerrit Claesz als voogd over de nagelaten kinderen van wijlen Cornelis Gerritsz, 3) Lysbet Gerrits x Teunis Cornelisz, 4) Thijs Gerritsz, 5) Willem Gerritsz, 6) Gerrit Gerritsz, allen erfgenamen van Gerrit Arentsz, transporteren aan Jan Arisz, oud schepen te Wimmenum, een stuk land, oost: Gerrit Seeman, west: de Heerewech, zuid: de heer Jacob Brasser c.s, noord: jhr Floris van Harlaer. Belast met 7st 8 penn per jaar. Koopsom 1044 contant en een obligatie van 2088 gld",R.A.H. O.R.A. 2139 fol 2,,
3000064,1653-02-26,,"schepenen en inwoners van Wimmenum beloven aan de baljuw Gerardt van Vladeracken jaarlijks te betalen een somma van .. [onleesbaar] gld voor uytcoop, onder verband van hun persoon en goederen. Volgt een zwaar beschadigde akte van dezelfde datum waarbij schepenen en buren verklaren, ""als dat de stipendium die jhr Gerardt van Vladeracken, onse bailliu ende schout tot verscheyde jaren hebbende genooten, als noch sal hebben ende genieten in toekomende. Ende oock mede dat onse heer Bailliuw voor sijn nominatie ende electie hebben sal ende genieten de somma van 8 Kar gld""",Arch Egmond Inv ….,"inwoners: Pieter Adriaensz Valck, Hillebrant Aelbertsz, Valck Ariaensz, Ariaen Pietersz, Cornelis Cornelisz, Cornelis Florissen, Jan Ariissen, Cornelis Jacobsz Streec, Hillebrant Symonsz, Jan Cornelissen, Pieter Symonsz met zijn merck; namen schepenen die nog te lezen zijn: Hillebrant Symonsz, Cornelis Dircsz en Hillebrand Aelbertsz, en van de buren: Cornelis Florissen, Willem Remmen, Cornelis Dielofsz en Cornelis Cornelisz Limmen","Ariaen Pietersz: 1661-01-16, 1662-02-04, 1665-10-04, 1666-06-28, 1667-01-11, 1673-11-22, 1683-06-13 en 16, 1692-08-15"
3000065,1654-05-16,Zijpe,"Catarina Walraven, weduwe van Jan Martsz Engelsman en haar dochter Maria Walraven, beide geassisteerd met Harck Harcxsz Cooren als gecozen voogd, zo voor zich zelve en de rato caverende voor haar zoon Jacob Walraven, allen wonende aldaar, een vrije rente van 187-10-0 per jaar, losbaar met 3000 gld, onder verband van 35 morgen land met het huis daarop in de Sype aen de Belckmerwech in de polder O.T, oost: de Belckmerweg, zuid: de weduwe van schepen Harencarspel, west: de Egalementsloot, noord: Harc Harcxz",R.A.H. O.R.A. 6549 fol 163v,,
3000066,1652-06-08,Zijpe,"Jan Maertsz Engelsman, wonende tot Alcmaer, x Catarina Walravens, erkent ontvangen te hebben uyt de erfenis van Brechje Rijsers de somma van 2200 gld. belooft deselve te restitueren indien het casus fideicommissi, daermede deselve sijn geaffecteert, mocht comen te exsteren. Verbindt speciaal 7½ morgen land in de polder T.O., mede gecomen uit deze erfenis, oost: de comparant, zuid: de Belckmerweg, west: Harck Harcksz coopman, noord: de Egalementsloot",R.A.H. O.R.A. 6549 fol 151,,
3000067,1652-04-13,Zijpe,"Gerrit Pietersz Weijboer in de Sype verkoopt Pieter van Persijn, wonende tot Hoorn, een losrente van 50 gld per jaar, losbaar met 1100 gld, onder verband van ½ van een partij land gelegen in de polder B. cleyne A, groot in het geheel 6 morgen 92 roeden 4 voeten, zuid: de heer van Dussen, oost: de Seedyck, noord: Nicolaes du Gardijn, west; de Groote Sloot; 1663-12-15 afgelost",R.A.H. O.R.A. 6549 fol 150 Zijpe,,
3000068,1651-06-14,Zijpe,"Garbrant Walraven verklaart dat hij zijn kinderen bij Trijn Jans Rustenburg heeft bewezen (volgens akte onder de vrienden berustende) enige goederen waarvan geacht werd een gedeelte verbonden ende restitutie subject te mogen sijn; dat mede hij comparant ontfangen heeft, gelijck alsnoch bekent ontfangen te hebben uijt de erfenis van Brechje Rijsers de somma van 2200 gld, de welke mede fidei commis subject zijn. Ten einde nu aan zijn kinderen behoorlijke zekerheid te stellen tot vergoeding en restitutie van de voors posten, soo heeft hij comparant daarvoor speciaal verbonden 13/15 part in 25 morgen land gelegen in de Sype in de polder van de grote T, west: Pieter Cornelisz Keijns cs, zuid: de Belckmerweg, oost: Nicolaes du Gardin, noord: de Egalementsloot ",R.A.H. O.R.A. 6549 fol 148 Zijpe,,
3000069,1650-05-05,Zijpe,"Cornelis Cornelisz Bregman de jonge, wonende tot Schagen, als gemachtigde van sr Willem Schaep van Croesbeeck tot Amsterdam, voor hem zelve en zich sterck makende voor sr Gerrit van Papenbroeck, deszelfs schoonbroeder, mede wonende aldaar (1650-0422: procuratie voor Aris Cornelisz Heemskerk, notaris te Alkmaar) geeft in erfpacht aan Gerrit Adriaensz van Heemskerck en Gerrit Cornelisz van Schoorldam, beide wonende in de Oude Sype, een partij vrij land groot 136 morgen, met twee huizen daarop staande, gelegen in de Sype in de polder .., oost: de Egalementsloot, west: de Sype dyck, noord: Sybrant Jansz en Adriaen Saskersz, zuid: Jan Symonsz Nop. In margine: debet dicere in de grote T",R.A.H. O.R.A. 6549 fol 142v Zijpe,,
3000070,1650-02-22,Zijpe,"Cornelis Paulusz, wonende in de Zype, verkoopt aan juffr Catarina Harlaers, vrouw van Cornelis van Teylingen Pieters, schepen, een losrente van 40 gld per jaar, losbaar met 800 gld, onder verband van een huys en boedt met 17 morgen 480 roeden land in de Sijpe in de letter K, cleyne G (?), zuid: Jan Claesz Cramer c.s, oost: de Grote Sloot, west: de Ruygewech, noord: de erfgenamen van Arien Cornelisz Akersloot",R.A.H. O.R.A. 6549 fol 139v Zijpe,,
3000071,1649-07-30,Zijpe,"Claes Jansz, boode van de Sype, verkoopt Jannitge Claes, weduwe van Jan Willemsz, wonende tot Alcmaer, een losrente van 25 gld per jaar, losbaar met 500 gld, onder verband van een stuk land groot 2 ½ morgen gelegen in de Sype, in de polder L, west: Heyndrik Jansz Lakemans erven, zuid en oost: Barbara Adams, noord: Floris Adriaensz",R.A.H. O.R.A. 6549 fol 136 Zijpe,,
3000072,1640-04-06,,"schepenen van Heemstede oorkonden dat Jan Ysbrantsz van Couwenhoven en zijn vrouw Geertge Jansdochter van der Bouchorst, wonende binnen Leiden, transporteren volgens zeker coopcontract dd 1640-04-05 aan Adriaen Willemsz Wittert (hij verkoopt dit perceel weer op 1640-11-16), burger te Leiden, 40 hont wey- ofte hooyland, genaamd ""de Spaerweyde"" in Schoubrouck in de ban  van Heemstede, nu tegenwoordig belend oost: het Spaere, zuid: de Barnardyten, west: jhr Floris van Alckemade, noord: sr Jan Fonteyn, koopman te Amsterdam. Koopsom 1995 gld",R.A.H. O.R.A. Heemstede 579 fol 30v,,
3000073,1639-01-04,,"Johan van Asch, schout van Heemstede, mitsgaders Michiel Joosten, oud 68 jaar, Jan Joosten 66 jaar, Jan Jacobs 65 jaar, Huijch van der Weyde 60 jaar en Floris Jansen Bruin, oud 54 jaar, alle geboren buren en inwoners van de heerlijkheden Heemstede, attesteren dat zij niet alleen geboren buren en inwoners van Heemstede zijn, maar ook aldaar altijd opgevoed en gewoond hebben, en te weten dat de wildernisse binnen Heemstede bij hun kennisse nooit gesloot ofte geheynt is; maar dat de eigenaars of bruikers van de landen daaraan gelegen zulks subject zijn zonder ooit van hun voorouders of ouders ter contrarie gehoort te hebben. Ondertekend door attestanten",Inv Arch Heemstede no 277 fol 95,,
3000074,1639-01-26/28,,"rol van verpachting van de duinen en konijnenwaranden aan de grafelijkheid competerende: ""Jan van Sanens duijn"", beginnende aan Grietenbrugge, belend noord: de Brederodeduyn, oost: s Gravenburgerhout, west: Asselreduijn, zuid: de Kennemerbeek. Uytgesondert een cleijn stukje duin daarvan gesepareerd, oost: de Heemsteder heerweg, west: de wildernis van Brederode, zuid: de grafelijke wildernis in Hillegom, noord en oost: de woninge sGravemade en de ""Corte Elst"", welk stukgen duijns buiten deze verpachting is, laatst gebruikt bij Jan Willem Meynerden per jaar om 364£ en nu gepacht bij denselven om 364£. Het voors. stucktge duyns leggende en belend als vooren is in pachte gelaten voor den tyt van 20 jaren, aan de heer Adriaen Pauw, heer van Heemstede, ridder, op de generale condities vrij gelts voor de somme van 20£",Inv Arch Heemstede no 2776 p 94,,
3000075,1653-11-10,,"schepenen van Heemstede oorkonden dat Jan Leendertsz van Brederode transporteert aan Gerrit Symonsz Tetterode, brouwer in de Engel te Haarlem, de opstal van zekere huysinge, schuur, koestal, hooiberch, wagenhuis, op ondergrond van wijlen mr Gregorius van de Velde, omtrent de Prince Zandvaart. Huur of pacht 2 gld 10 st per jaar, noordoost: het erf uitgegeven aan de weduwe van Cornelis Pietersz Kuijtman, zuidoost: de erfgenamen van mr Gregorius van de Velde, zuidwest en noordwest: de Heerewech. Koopsom 700 Kar gld (vgl 1651-12-01)",R.A.H. O.R.A. Heemstede 584 fol 22,,
3000076,1653-05-28,,"de rekenkamer in den Hage geeft in pacht aan jhr Hendrick van Alckemade heer van Berkenrode: 1) ⅓ part van de tienden van Heemstede, 2) het schoutambacht van de ambachtsheerlijkheid en buurtschap van Vlieland bij Schootercapelle bij de stad Haarlem, zoals te voren zijn moeder jvr Goedela van Haerlem van Berkenrode, die in pacht ontvangen had na dode van haar broer jhr Dirck van Haerlem van Berckenrode, wiens lenen aan de grafelijkheid verstorven waren",G.A. Heemstede Reg Holland v. Heemstede 67 (465) fol 167,,
3000077,1653-03-28,,"de eerbare Tryntje Gerrits, weduwe van Jacob Pietersz Molewerf, geassisteerd met Wouter Govertsz, onse gerechtsbode, transporteert aan Phillips Cornelisz Beyer Bergen ende Henegouwen, ofte desselfs huysvrouwe Aechtien Jacobs, haar schoonzoon en schoondochter, haer huijsinge ende opstal op grond van de heer van Heemstede aen de Molenwerf, de herberge ""aen de molewerf"" genaamd, zuid, west en noord: de heer van Heemstede, oost: de Molenwerf; de koper erkent deswege aan zijn schoonmoeder schuldig te zijn 800 Kar gld",R.A.H. O.R.A. Heemstede 583 fol 56v,,
3000078,1651-12-01,,"schepenen van Heemstede oorkonden dat Jeff Reyersz van der Thoorn transporteert aan Jan Leendertsz van Brederode, de opstal van huysinge, schuur, koestal, hooijberch, wagenhuis op ondergrond van mr Georgius van de Velde, onlangs gekocht van de heer van Heemstede, omtrent de Prince Sandvaart. Erfpacht 2 gld 10st tbv de heer van de Velde, belend noordoost: de weduwe van Cornelis Pietersz Kuijtman, oost, zuid: heer Georgius van de Velde, zuidwest en noordwest: de Heerewech. Koopsom 1000 gld in een custingbrief (vgl 1653-11-10)","R.A.H. O.R.A. Heemstede 582 fol 64, 65",,
3000079,1650-03-07,,"gemachtigden van der Cruijce en van Dorp verkopen aan Dirck Florisz backer, schepen van Heemstede, een stuk teelland, groot 500 roeden te Heemstede, genaamd Kayckenrode [Keggenrode], noordoost, noordwest, zuidoost: de erfgenamen van Johan van Herlaer, zuidwest: Huybert Willemsz Sop","R.A.H. O.R.A. Heemstede 581 fol 93, 94, 98, 580 fol 6, 579 fol 68",,
3000080,1644-04-21,,"schepenen van Heemstede oorkonden dat alle kinderen en erfgenamen van wijlen Gerrit Hendriksz van Assendelft, nl: 1) Henrick Gerritsz Duyves, wonende buiten de Zylpoort binnen de vrijheid van Haarlem, 2) Jannetgen Gerrits x Hugo de Jongh, schout van Assendelft, 3) Guyertge Gerrits x Willem Jansz van Assendelft, wonende in de Ryp, 4) Grietgen Gerrits x Jan Abrahamsz de Mijter, te Haarlem, transporteren aan Abraham de Mijter, wonende te Haarlem een stuk weij- of hooijland, groot 2 morgen 2 hont te Heemstede, belend oost: de Heerewech, west: de erfgenamen van Nicolaes Crabmorsch, zuid: Jacob Jansz, noord: Dirck Thielman. Belast met 8 penn erfhuur tbv Philips Doubleth. Koopsom 1900 gld",R.A.H. O.R.A. Heemstede 579 fol 85,,
3000081,1644-10-07,,"schout en schepenen van Heemstede oorkonden dat sr Hendrik van Loon, poorter van Haarlem, transporteert aan Jasper [Jacob ?] Denys Metres x Johanna van Herlaer, Goeswyn van Herlaer, Magdalena Elisabeth van Herlaer, tesamen erfgenamen van wijlen Johan van Herlaer, in leven koopman te Amsterdam, zekere drie percelen van landen, met 2 huysingen ofte opstallen, de houtgewassen daeropstaande, gelegen tot Heemstede omtrent het dorp, bewesten de Voorwech, genaemt ""Keyckenrode"" [Keggenrode], tesamen groot 3 morgen 432 roeden. Koopsom fl 9600; 1) A, groot 650 roeden, noordoost: juffr Vrancken en Cornelis Reyersz van der Thoorn, zuidoost: de voorwech, zuidwest: zeker buerpad gaende over en langs de 2 percelen B en c, en over de 500 roeden van Petronella van Dorp, noordwest: de erfgenamen Verhooch; 2) B, groot 84 roeden, noordoost: A, zuidoost: de Voorwech, zuidwest: Leendert Gerritsz, noordwest: de erfgenamen van Petronella van Dorp; 3) C, groot 740 roeden, noordoost: A, zuidoost: erfgenamen Petronella van Dorp, zuidwest: Leendert Gerritsz, noordoost: de schouwwatering of de erven Jacob Philipsz en van wijlen Arent van der Hooch",R.A.H. O.R.A. Heemstede 580 fol 6v/Transportregister,,
3000082,1645-06-26,,"schepenen van Heemstede oorkonden dat Jan Joosten van Prola, oud-schepen alhier, transporteert aan Claes Jansz van Pollenburch, rietdecker, een huis, erve en werve met 300 roeden teelland aan de Berglaen, noord en west: de buurwech of Berchlaan, oost: de weduwe van Hendrik Huygen van Lisse, zuid: de erfgenamen van Dirck Cornelisz de jonge alias jonge Dirck. Koopsom 1020 gld in een custingbrief",R.A.H. O.R.A. Heemstede 580 fol 27v,,
3000083,1645-11-24,Berkenrode,"request aan de Staten waarin Goedela van Haerlem van Berkenrode, weduwe van jhr Floris van Alkemade, verklaart dat wijlen haar broer jhr Diederick van Haerlem van Berckenrode, in leen hield een deel van de ambachtsheerlijkheid van Heemstede, streckende van de Gasthuislaen tot de Jan Lotslaen tot achter aen die Vaert, ende voort aen die heijnsloot voor aen sheerenwech, streckende oostwaerts 3 roeden in de wildernis, met ⅔ deel van de tienden die Jan van Heemstede aldaer placht te hebben, met de drifte van 2 paer oude swanen. Dat dit leen door Jan van Heemstede gehouden was tot een onversterfelijk erfleen, dat dus de Staten dit leen ten onrechte aan zich getrokken hebben. Zij verzoekt nu haar zoon jhr Henrick van Alckemade heer van de Linden hiermee te belenen.  Dit request is ongedateerd, maar op 1645-11-24 wordt als gevolg van dit request jhr Henrick van Alckemade met dit leen beleend, gedaan ten burele van de Camere van de rekeningen in den Hage. De andere lenen van Dirck van Berckenrode blijven echter aan de grafelijkheid; 1646-10-29: de ridderschap beleent jvr Goedela van Haarlem van Berkenrode Henrixdochter met dit leen, na dode van haar broer Diederick van Haerlem van Berckenroede Henricsz; hulde doet heer Arent van der Hooch (vgl 1621-05-07, 1649-02-10)","G.A. Heemstede Reg Holland van Heemstede 67 (465) fol 156v, 147v/Ms Opstraeten v.d. Molen dl III fol 739-741, fol 819",,
3000084,1647-06-28,Berkenrode,"Goedelt van Berckenrode van Haerlem, weduwe van jhr Florys van Alckemade, geassisteerd met haar zoon jhr Henrick van Alckemade, ontvangt van de Rekenkamer in pacht voor 6 jaren, voor 160£ van 40 groten per jaar, ingaande met dit lopende jaar:  1) ⅓ part van de tienden van Heemstede, 2) het schoutambacht van de ambachtsheerlijkheid en buurtschap van Vlieland bij Schoter capelle bij de stad Haarlem. Hiervoor mag zij voor 6 jaren een schout voorstellen die echter door de rekenkamer benoemd zal worden",Ms Opstraeten v.d. Molen dl III fol 823,,
3000085,1649-02-10,,"jhr Henrick van Alckemade Florisz, ambachtsheer van de Linde wordt beleend met: 1) een deel van de ambachtsheerlijkheid van Heemstede (Berkenrode, zie 1621-05-07 sub 3), 2) de Berckenroedse Houve te 's Gravensande, groot 18 morgen, hem aanbestorven bij dode van zijn moeder Goedela van Haerlem van Berckenroede Henricsdochter, weduwe van jhr Florys van Alckemade (vgl 1646-10-29)",Ms Opstraeten v.d. Molen dl III fol 820,,
3000086,,,,,,
3000087,,,,,,
3000088,,,,,,
3000089,,,,,,
3000090,,,,,,
3000091,,,,,,
3000092,,,,,,
3000093,,,,,,
3000094,,,,,,
3000095,,,,,,
3000096,,,,,,
3000097,,,,,,
3000098,,,,,,
3000099,,,,,,
3000100,,,,,,
3000101,,,,,,
3000102,,,,,,
3000103,,,,,,
3000104,,,,,,
3000105,,,,,,
3000106,,,,,,
3000107,,,,,,
3000108,,,,,,
3000109,,,,,,
3000110,,,,,,
3000111,,,,,,
3000112,,,,,,
3000113,,,,,,
3000114,,,,,,
3000115,,,,,,
3000116,,,,,,
3000117,,,,,,
3000118,,,,,,
3000119,,,,,,
3000120,,,,,,
3000121,,,,,,
3000122,,,,,,
3000123,,,,,,
3000124,,,,,,
3000125,,,,,,
3000126,,,,,,
3000127,,,,,,
3000128,,,,,,
3000129,,,,,,
3000130,,,,,,
3000131,,,,,,
3000132,,,,,,
3000133,,,,,,
3000134,,,,,,
3000135,,,,,,
3000136,,,,,,
3000137,,,,,,
3000138,,,,,,
3000139,,,,,,
3000140,,,,,,
3000141,,,,,,
3000142,,,,,,
3000143,,,,,,
3000144,,,,,,
3000145,,,,,,
3000146,,,,,,
3000147,,,,,,
3000148,,,,,,
3000149,,,,,,
3000150,,,,,,
3000151,,,,,,
3000152,,,,,,
3000153,,,,,,
3000154,,,,,,
3000155,,,,,,
3000156,,,,,,
3000157,,,,,,
3000158,,,,,,
3000159,,,,,,
3000160,,,,,,
3000161,,,,,,
3000162,,,,,,
3000163,,,,,,
3000164,,,,,,
3000165,,,,,,
3000166,,,,,,
3000167,,,,,,
3000168,,,,,,
3000169,,,,,,
3000170,,,,,,
3000171,,,,,,
3000172,,,,,,
3000173,,,,,,
3000174,,,,,,
3000175,,,,,,
3000176,,,,,,
3000177,,,,,,
3000178,,,,,,
3000179,,,,,,
3000180,,,,,,
3000181,,,,,,
3000182,,,,,,
3000183,,,,,,
3000184,,,,,,
3000185,,,,,,
3000186,,,,,,
3000187,,,,,,
3000188,,,,,,
3000189,,,,,,
3000190,,,,,,
3000191,,,,,,
3000192,,,,,,
3000193,,,,,,
3000194,,,,,,
3000195,,,,,,
3000196,,,,,,
3000197,,,,,,
3000198,,,,,,
3000199,,,,,,
3000200,,,,,,
3000201,,,,,,
3000202,,,,,,
3000203,,,,,,
3000204,,,,,,
3000205,,,,,,
3000206,,,,,,
3000207,,,,,,
3000208,,,,,,
3000209,,,,,,
3000210,,,,,,
3000211,,,,,,
3000212,,,,,,
3000213,,,,,,
3000214,,,,,,
3000215,,,,,,
3000216,,,,,,
3000217,,,,,,
3000218,,,,,,
3000219,,,,,,
3000220,,,,,,
3000221,,,,,,
3000222,,,,,,
3000223,,,,,,
3000224,,,,,,
3000225,,,,,,
3000226,,,,,,
3000227,,,,,,
3000228,,,,,,
3000229,,,,,,
3000230,,,,,,
3000231,,,,,,
3000232,,,,,,
3000233,,,,,,
3000234,,,,,,
3000235,,,,,,
3000236,,,,,,
3000237,,,,,,
3000238,,,,,,
3000239,,,,,,
3000240,,,,,,
3000241,,,,,,
3000242,,,,,,
3000243,,,,,,
3000244,,,,,,
3000245,,,,,,
3000246,,,,,,
3000247,,,,,,
3000248,,,,,,
3000249,,,,,,
3000250,,,,,,
3000251,,,,,,
3000252,,,,,,
3000253,,,,,,
3000254,,,,,,
3000255,,,,,,
3000256,,,,,,
3000257,,,,,,
3000258,,,,,,
3000259,,,,,,
3000260,,,,,,
3000261,,,,,,
3000262,,,,,,
3000263,,,,,,
3000264,,,,,,
3000265,,,,,,
3000266,,,,,,
3000267,,,,,,
3000268,,,,,,
3000269,,,,,,
3000270,,,,,,
3000271,,,,,,
3000272,,,,,,
3000273,,,,,,
3000274,,,,,,
3000275,,,,,,
3000276,,,,,,
3000277,,,,,,
3000278,,,,,,
3000279,,,,,,
3000280,,,,,,
3000281,,,,,,
3000282,,,,,,
3000283,,,,,,
3000284,,,,,,
3000285,,,,,,
3000286,,,,,,
3000287,,,,,,
3000288,,,,,,
3000289,,,,,,
3000290,,,,,,
3000291,,,,,,
3000292,,,,,,
3000293,,,,,,
3000294,,,,,,
3000295,,,,,,
3000296,,,,,,
3000297,,,,,,
3000298,,,,,,
3000299,,,,,,
3000300,,,,,,
3000301,,,,,,
3000302,,,,,,
3000303,,,,,,
3000304,,,,,,
3000305,,,,,,
3000306,,,,,,
3000307,,,,,,
3000308,,,,,,
3000309,,,,,,
3000310,,,,,,
3000311,,,,,,
3000312,,,,,,
3000313,,,,,,
3000314,,,,,,
3000315,,,,,,
3000316,,,,,,
3000317,,,,,,
3000318,,,,,,
3000319,,,,,,
3000320,,,,,,
3000321,,,,,,
3000322,,,,,,
3000323,,,,,,
3000324,,,,,,
3000325,,,,,,
3000326,,,,,,
3000327,,,,,,
3000328,,,,,,
3000329,,,,,,
3000330,,,,,,
3000331,,,,,,
3000332,,,,,,
3000333,,,,,,
3000334,,,,,,
3000335,,,,,,
3000336,,,,,,
3000337,,,,,,
3000338,,,,,,
3000339,,,,,,
3000340,,,,,,
3000341,,,,,,
3000342,,,,,,
3000343,,,,,,
3000344,,,,,,
3000345,,,,,,
3000346,,,,,,
3000347,,,,,,
3000348,,,,,,
3000349,,,,,,
3000350,,,,,,
3000351,,,,,,
3000352,,,,,,
3000353,,,,,,
3000354,,,,,,
3000355,,,,,,
3000356,,,,,,
3000357,,,,,,
3000358,,,,,,
3000359,,,,,,
3000360,,,,,,
3000361,,,,,,
3000362,,,,,,
3000363,,,,,,
3000364,,,,,,
3000365,,,,,,
3000366,,,,,,
3000367,,,,,,
3000368,,,,,,
3000369,,,,,,
3000370,,,,,,
3000371,,,,,,
3000372,,,,,,
3000373,,,,,,
3000374,,,,,,
3000375,,,,,,
3000376,,,,,,
3000377,,,,,,
3000378,,,,,,
3000379,,,,,,
3000380,,,,,,
3000381,,,,,,
3000382,,,,,,
3000383,,,,,,
3000384,,,,,,
3000385,,,,,,
3000386,,,,,,
3000387,,,,,,
3000388,,,,,,
3000389,,,,,,
3000390,,,,,,
3000391,,,,,,
3000392,,,,,,
3000393,,,,,,
3000394,,,,,,
3000395,,,,,,
3000396,,,,,,
3000397,,,,,,
3000398,,,,,,
3000399,,,,,,
3000400,,,,,,
3000401,,,,,,
3000402,,,,,,
3000403,,,,,,
3000404,,,,,,
3000405,,,,,,
3000406,,,,,,
3000407,,,,,,
3000408,,,,,,
3000409,,,,,,
3000410,,,,,,
3000411,,,,,,
3000412,,,,,,
3000413,,,,,,
3000414,,,,,,
3000415,,,,,,
3000416,,,,,,
3000417,,,,,,
3000418,,,,,,
3000419,,,,,,
3000420,,,,,,
3000421,,,,,,
3000422,,,,,,
3000423,,,,,,
3000424,,,,,,
3000425,,,,,,
3000426,,,,,,
3000427,,,,,,
3000428,,,,,,
3000429,,,,,,
3000430,,,,,,
3000431,,,,,,
3000432,,,,,,
3000433,,,,,,
3000434,,,,,,
3000435,,,,,,
3000436,,,,,,
3000437,,,,,,
3000438,,,,,,
3000439,,,,,,
3000440,,,,,,
3000441,,,,,,
3000442,,,,,,
3000443,,,,,,
3000444,,,,,,
3000445,,,,,,
3000446,,,,,,
3000447,,,,,,
3000448,,,,,,
3000449,,,,,,
3000450,,,,,,
3000451,,,,,,
3000452,,,,,,
3000453,,,,,,
